RT @SecMatterz: From old #cyberthreats to car hacks, here are six lessons you can learn from #GhostintheShell: https://t.co/Rk9ZHFixbk#Se‚Ä¶	neutral
Ghost in the Shell blasts onto the cover of Total Film magazine - on sale now! https://t.co/90bK11UWHq https://t.co/DFBx9JAFQq	neutral
Pulling an all-nighter before our 6AM flight to Louisiana. Watching a classic. #GhostintheShell https://t.co/51TpVpSlwO	negative
RT @Eva08s_Pilot: Ghost in the Shell.¬†(1995) https://t.co/ald4tvJpaG	neutral
RT @steveaoki: When I float weightless back to the surface, I'm imagining I'm becoming someone else #ghostintheshell https://t.co/9RnRsM8FWb	neutral
#film #GhostInTheShellAn East & West production with excellent visuals & acting but a somewhat scattered centre. https://t.co/ovDskSBbyl	positive
@illegenes @nullphysical Related: I remember reading somewhere that technically the Major from Ghost in the Shell w‚Ä¶ https://t.co/WFW9os8f4v	neutral
RT @beautfilm: Ghost in the Shell (1995) https://t.co/MJtu0XBhBx	neutral
RT @steveaoki: When I float weightless back to the surface, I'm imagining I'm becoming someone else #ghostintheshell https://t.co/9RnRsM8FWb	neutral
RT @MangaUK: Have you pre-ordered your Blu-ray copy of #GITS: The Laughing Man yet? https://t.co/LLXWyltw6z https://t.co/rnKAHsFXi5	neutral
Paramount: Release the Ghost in the Shell (2017) soundtrack #GITSost https://t.co/Sz2xwUiLbD via @ChangeGER	positive
RT @steveaoki: When I float weightless back to the surface, I'm imagining I'm becoming someone else #ghostintheshell https://t.co/9RnRsM8FWb	neutral
RT @Jorge_Baruch: Me gust√≥ un video de @YouTube https://t.co/tBsnGseFPN Enjoy The Silence by KI Theory (Ghost In The Shell Trailer Music)	positive
DOUBLE FEATURE: Presenting Power Rangers  &  Ghost in the Shell https://t.co/u8T48qTkxB via @YouTube	neutral
RT @JasonABriggs1: Hey, Checkout My Latest Movie Review: Ghost in the Shell. Japanese Manga Anime on the Big Screen. Hi SCi-Fi 3 Stars http‚Ä¶	neutral
RT @steveaoki: When I float weightless back to the surface, I'm imagining I'm becoming someone else #ghostintheshell https://t.co/9RnRsM8FWb	neutral
RT @steveaoki: When I float weightless back to the surface, I'm imagining I'm becoming someone else #ghostintheshell https://t.co/9RnRsM8FWb	neutral
RT @liamwong: Ghost In The Shell 95 vibes.A picture I took last week in Hong Kong. https://t.co/n6PjshMRAO	neutral
RT @JasonABriggs1: Hey, Checkout My Latest Movie Review: Ghost in the Shell. Japanese Manga Anime on the Big Screen. Hi SCi-Fi 3 Stars http‚Ä¶	neutral
RT @JasonABriggs1: Hey, Checkout My Latest Movie Review: Ghost in the Shell. Japanese Manga Anime on the Big Screen. Hi SCi-Fi 3 Stars http‚Ä¶	neutral
RT @JasonABriggs1: Hey, Checkout My Latest Movie Review: Ghost in the Shell. Japanese Manga Anime on the Big Screen. Hi SCi-Fi 3 Stars http‚Ä¶	neutral
Guardando Ghost in the Shell: S.A.C. Solid State Society	neutral
RT @steveaoki: When I float weightless back to the surface, I'm imagining I'm becoming someone else #ghostintheshell https://t.co/9RnRsM8FWb	neutral
I liked a @YouTube video https://t.co/SnX7vmSFsa Ghost In The Shell (Steve Aoki Remix) - Official Trailer Music - FULL VERSION RELEASE	positive
Check out new work on my @Behance portfolio: "Ghost in the Shell" https://t.co/4Dzqq8WiJ1	neutral
I added a video to a @YouTube playlist https://t.co/EaBVr6AUaw Ghost in the Shell - Bloopers & Behind the Scenes (2017) Scarlett	neutral
Really enjoyed the new Ghost in the Shell movie. @ScandroidMusic debut was playing in my head the entire movie.	positive
RT @markboehringer: Hey @LakeshoreRecs release the #GhostInTheShell film score. What's the holdup? #GITSost	neutral
I liked a @YouTube video https://t.co/EaBVr6AUaw Ghost in the Shell - Bloopers & Behind the Scenes (2017) Scarlett Johansson	positive
Ghost in the shell is just meh. They just confused HK with JP. üòí	negative
What Japanese Think of Whitewashing (Ghost in the Shell, Death Note, Int... https://t.co/3ieMlZxcJQ via @YouTube	neutral
RT @steveaoki: When I float weightless back to the surface, I'm imagining I'm becoming someone else #ghostintheshell https://t.co/9RnRsM8FWb	neutral
RT @steveaoki: When I float weightless back to the surface, I'm imagining I'm becoming someone else #ghostintheshell https://t.co/9RnRsM8FWb	neutral
RT @steveaoki: When I float weightless back to the surface, I'm imagining I'm becoming someone else #ghostintheshell https://t.co/9RnRsM8FWb	neutral
@kaebasc @IcebergLuffy Ghost in the shell 2, good movie, has a great sequence that plays with the mind of you're paying attention.	positive
RT @steveaoki: When I float weightless back to the surface, I'm imagining I'm becoming someone else #ghostintheshell https://t.co/9RnRsM8FWb	neutral
Hey @LakeshoreRecs release the #GhostInTheShell film score. What's the holdup? #GITSost	neutral
RT @steveaoki: When I float weightless back to the surface, I'm imagining I'm becoming someone else #ghostintheshell https://t.co/9RnRsM8FWb	neutral
@glumsensei Ghost in the Shell 2: Innocence üòÜ	positive
estou lendo "The Ghost In The Shell" https://t.co/0L9VvI4DhK #skoob	neutral
RT @steveaoki: When I float weightless back to the surface, I'm imagining I'm becoming someone else #ghostintheshell https://t.co/9RnRsM8FWb	neutral
I added a video to a @YouTube playlist https://t.co/cvoATaOMWP Kenji Kawai - Cinema Symphony - Ghost In The Shell OST	neutral
RT @steveaoki: When I float weightless back to the surface, I'm imagining I'm becoming someone else #ghostintheshell https://t.co/9RnRsM8FWb	neutral
watching Ghost in the Shell at Ster Kinekor, Brooklyn https://t.co/RRqzaWH6aU	neutral
RT @archelonbooks: „Äê#AI Coloring„Äë#NudeStillLife 057 https://t.co/fyIQ7Zd9hf #ContemporaryArt #FineArt #Nude #Photo #GhostInTheShell	neutral
Ghost in the Shell! https://t.co/f58zD0bDIE	neutral
Ghost in the Shell 2.0  https://t.co/LUvwVqMbSJ  @originaldreadmd #ICanDoItWithout #myFirstTweet	neutral
RT @steveaoki: When I float weightless back to the surface, I'm imagining I'm becoming someone else #ghostintheshell https://t.co/9RnRsM8FWb	neutral
I'm in the running to win the @NeonPlusNova #GitS Giveaway! https://t.co/cuqwlexbuo	neutral
day 11/ favorite mech animeGhost in The Shell generally is fucking great. (but fuck the Scarlett Johanson version)	positive
RT @steveaoki: When I float weightless back to the surface, I'm imagining I'm becoming someone else #ghostintheshell https://t.co/9RnRsM8FWb	neutral
The politics of Hong Kong and Ghost in The Shell https://t.co/aEu2rmLclH https://t.co/siqfow5Wrn	neutral
Ghost in the shell. Remake. Just use your ssh terminal https://t.co/ub8cas2Vvp	neutral
@nixcraft @la_stik @climagic Ghost in the Shell :) https://t.co/NvmTr9qLqn	neutral
„Äê#AI Coloring„Äë#NudeStillLife 057 https://t.co/fyIQ7Zd9hf #ContemporaryArt #FineArt #Nude #Photo #GhostInTheShell	neutral
Adam Savage Behind the Scenes of Ghost in the Shell! https://t.co/6XAGG0g6G9 via @YouTube	neutral
RT @steveaoki: When I float weightless back to the surface, I'm imagining I'm becoming someone else #ghostintheshell https://t.co/9RnRsM8FWb	neutral
RT @jonwesleyhuff: The Major statue by @wetaworkshop from #GhostInTheShell - Got it this weekend at the WETA booth at #C2E2 - so excited to‚Ä¶	positive
Nouveau favori : Ghost in the Shell (Music Inspired by the Motion Picture) de Various Artists https://t.co/IGRI1eJSne #deezer	neutral
RT @Dany_Johnston: Ghost in the Shell review ‚Äì Scarlett Johansson remake lacks mystery #scifi #amwritinghttps://t.co/s24dA6apxH	neutral
The Monster Scifi Show Podcast - Ghost in the Shell (2017) https://t.co/m8U1EGPx6I	neutral
RT @jonwesleyhuff: The Major statue by @wetaworkshop from #GhostInTheShell - Got it this weekend at the WETA booth at #C2E2 - so excited to‚Ä¶	positive
And the original world research and the mindset behind it is a breath of fresh air for film sci-fi: https://t.co/zUEFVwX6Yo	positive
Ghost in the Shell tonight then Guardians of the Galaxy 2 at the weekend. God bless Cineworld unlimited	neutral
The Major statue by @wetaworkshop from #GhostInTheShell - Got it this weekend at the WETA booth at #C2E2 - so excit‚Ä¶ https://t.co/sjAHxZCH2J	neutral
I mean look at the original designs for New Port City that were far more subdued & effective than the mess we got https://t.co/2VgBNi0dua	negative
RT @navparker: Ghost in the Shell solograms start here. https://t.co/KAeMqw7WHu	neutral
RT @steveaoki: When I float weightless back to the surface, I'm imagining I'm becoming someone else #ghostintheshell https://t.co/9RnRsM8FWb	neutral
RT @steveaoki: When I float weightless back to the surface, I'm imagining I'm becoming someone else #ghostintheshell https://t.co/9RnRsM8FWb	neutral
RT @kikkujo: ghost in the shell [2017] https://t.co/GILfUPh77U	neutral
RT @alexfromfareast: ‚ÄúSomething happened to the Ghost in the Shell soundtrack, and hundreds of fans want answers‚Äù @firasd https://t.co/33VR‚Ä¶	neutral
RT @supyo: Every urban dystopia I've seen in film (Blade Runner, Ghost In The Shell, Matrix) somehow feels derivative of the long gone KWC.‚Ä¶	neutral
RT @liamwong: Ghost In The Shell 95 vibes.A picture I took last week in Hong Kong. https://t.co/n6PjshMRAO	neutral
RT @Dany_Johnston: Ghost in the Shell review ‚Äì Scarlett Johansson remake lacks mystery #scifi #amwritinghttps://t.co/s24dA6apxH	neutral
RT @supyo: Every urban dystopia I've seen in film (Blade Runner, Ghost In The Shell, Matrix) somehow feels derivative of the long gone KWC.‚Ä¶	neutral
#nowplaying: "Siberian doll house" by Gabriela Robin on Ghost in the Shell: Stand Al via #foobar2000 https://t.co/6xK7CHZzwJ	neutral
RT @kikkujo: ghost in the shell [2017] https://t.co/GILfUPh77U	neutral
Ghost In The Shell Movie¬†Review https://t.co/tCObo5uJSK https://t.co/6GddSH9Pov	neutral
"Ghost In The Shell" fabulous, with more than a nod to 'Blade Runner', and cinema full of surprises! https://t.co/ufMxOjBsib	neutral
RT @steveaoki: When I float weightless back to the surface, I'm imagining I'm becoming someone else #ghostintheshell https://t.co/9RnRsM8FWb	neutral
RT @WhispyWitch: Ghost In The Shell (2017) https://t.co/TwifHeANS4	neutral
Anyone see Ghost in the Shell? still waiting for it too land on showbox	neutral
RT @steveaoki: When I float weightless back to the surface, I'm imagining I'm becoming someone else #ghostintheshell https://t.co/9RnRsM8FWb	neutral
RT @steveaoki: When I float weightless back to the surface, I'm imagining I'm becoming someone else #ghostintheshell https://t.co/9RnRsM8FWb	neutral
I added a video to a @YouTube playlist https://t.co/hi2V357fWd Ghost in the Shell (2017) - Full soundtrack	neutral
RT @BigOnAnime: I'm still kinda surprised at how little it's made overseas compared to like Ghost in the Shell... https://t.co/jJFjTxRLEF	neutral
RT @Dany_Johnston: Ghost in the Shell review ‚Äì Scarlett Johansson remake lacks mystery #scifi #amwritinghttps://t.co/s24dA6apxH	neutral
She is the most sophisticated unstoppable weapon.Scarlett Johansson in GHOST IN THE SHELL >>> in cinemas April... https://t.co/2B8ZriqpSQ	neutral
Ghost in the shell! https://t.co/I5Qj1vmuLG	neutral
lithium flower  - Ghost in the Shell SAC O.S.T.1 - https://t.co/AHVueMMWZ7	neutral
RT @Dany_Johnston: Ghost in the Shell review ‚Äì Scarlett Johansson remake lacks mystery #scifi #amwritinghttps://t.co/s24dA6apxH	neutral
Ghost In The Shell Review: https://t.co/H5bz4Q43z4 via @YouTube	neutral
Someone can't keep her stories straight. The Role of mostly white male üöÆcritics giving Ghost In The Shell ok reviews, here's	negative
Ghost in the Shell (1995) Opening https://t.co/tEdy5bT1uY	neutral
Nier Automata has one of the most intriguing stories I've ever played through in a video game. Very reminiscent of‚Ä¶ https://t.co/UGqbmudUvA	neutral
GHOST IN THE SHELL | remake https://t.co/9FKiQHW1tD	neutral
I liked a @YouTube video https://t.co/34MtKjMVWV What Japanese Reviewers think of Ghost in the Shell (2017)	positive
RT @Tundira: GHOST in the shell ebay https://t.co/20sbL8zdvb #scarlettjohansson #anime #redcarpet #premiere #dbz #mtg #omg #Starwars #Beaut‚Ä¶	neutral
RT @steveaoki: When I float weightless back to the surface, I'm imagining I'm becoming someone else #ghostintheshell https://t.co/9RnRsM8FWb	neutral
RT @kikkujo: ghost in the shell [2017] https://t.co/GILfUPh77U	neutral
RT @Tundira: Transformers https://t.co/k8GLMTIdFu Movie Poster ebay ORIGINAL Shiny IMAX limited fan edition #michaelbay #ghostintheshell #t‚Ä¶	neutral
Ghost in the shell. Remake. Just use your ssh terminal https://t.co/F1d4Dy2jkm	neutral
My classmates are talking about Ghost in the Shell lol	neutral
GHOST IN THE SHELL | remake https://t.co/cDBQ4ohCzy	neutral
RT @Tundira: Ghost https://t.co/svYQXirpDz #ghostintheshell MOVIE POSTER BONUS ticket #shin #godzilla #tokusatsu #power #rangers #anime #ni‚Ä¶	neutral
RT @steveaoki: When I float weightless back to the surface, I'm imagining I'm becoming someone else #ghostintheshell https://t.co/9RnRsM8FWb	neutral
So who else thought the Ghost in the shell movie sucked? Not because of white washing, it just sucked.	negative
Every urban dystopia I've seen in film (Blade Runner, Ghost In The Shell, Matrix) somehow feels derivative of the l‚Ä¶ https://t.co/XorJRLhwvj	neutral
GHOST IN THE SHELL | remake: GHOST IN THE SHELL | remake https://t.co/FZHCSxmI1r	neutral
RT @suzanneenzerink: Brilliant case by Anne Cheng @LAReviewofBooks for #GhostintheShell as an "alternative logic of American racial embodim‚Ä¶	positive
üéÆ Ghost in the Shell First assault  Tachikoma vs Enemy Tank üòÜ (pokemon style) https://t.co/79jClbvIEQ	positive
RT @iamunr: Ghost in the shell. Remake. Just use your ssh terminal https://t.co/6yUt01dBKx	neutral
Ghost in the shell. Remake. Just use your ssh terminal https://t.co/XomyPPRyEg	neutral
Ghost in the shell $ ssh ghost@theshell.xyz literal	neutral
@davechensky Just finished the podcast. I will say this, Dave. I did see The Case for Christ. And IMO? Better than Ghost in the Shell.üòÇüòÇ	positive
Ghost in the Shell (2017) ENG HDCAM https://t.co/IEcvFfIg9x https://t.co/slydQ4nBk4 https://t.co/MWCENmUTgW	neutral
RT @steveaoki: When I float weightless back to the surface, I'm imagining I'm becoming someone else #ghostintheshell https://t.co/9RnRsM8FWb	neutral
RT @steveaoki: When I float weightless back to the surface, I'm imagining I'm becoming someone else #ghostintheshell https://t.co/9RnRsM8FWb	neutral
RT @aizakkusan: #BulletArt #ËçâËñôÁ¥†Â≠ê GHOST IN THE SHELL 1995 https://t.co/xNeGYOH4xr #„Çπ„Ç´„É®„ÉèÊîªÊÆª @Snaplord_TMT @Visual_Moods @ghostshell_JP #GTAOnl‚Ä¶	neutral
As a fan of Ghost in the Shell, Ghost in the Shell 2: Innocence, and both seasons of Ghost in the Shell:... https://t.co/aNeqa9soBi	neutral
#sblmoviesandtrailer Ghost in the Shell (2017) ‚Äì ‚ÄúCreating The Shell‚Äù Featurette ‚Äì #Paramount Pictures https://t.co/aiaLzEWqVA #drama	positive
Ghost in the Shell review ‚Äì Scarlett Johansson remake lacks mystery #scifi #amwritinghttps://t.co/s24dA6apxH	neutral
@robertklimek Soundtrack do Ghost in the shell.	neutral
RT @steveaoki: When I float weightless back to the surface, I'm imagining I'm becoming someone else #ghostintheshell https://t.co/9RnRsM8FWb	neutral
RT @liamwong: Ghost In The Shell 95 vibes.A picture I took last week in Hong Kong. https://t.co/n6PjshMRAO	neutral
Ghost in the Shell 2017: Better than I expected in some ways - but so, so much worse in others. But still such an unnecessary movie.	negative
RT @valerie253edel: Well i tried XDHer face is way offüòÖ , but im finally finished XD#Scarlettjohansson #ghostintheshell #drawing #fanart‚Ä¶	positive
I dug a lot about the new GitS movie but especially the art https://t.co/EC5PEvvVcb	neutral
RT @steveaoki: When I float weightless back to the surface, I'm imagining I'm becoming someone else #ghostintheshell https://t.co/9RnRsM8FWb	neutral
RT @E_Asylum: @GhostInShell My painting of the beautiful #ScarlettJohansson as #Major #MotokoKusanagi in #GhostintheShell . https://t.co/gF‚Ä¶	positive
RT @steveaoki: When I float weightless back to the surface, I'm imagining I'm becoming someone else #ghostintheshell https://t.co/9RnRsM8FWb	neutral
RT @JuicyGameReview: New Guest Blog post by @Agent_Prince Ghost in the Shell (PS1) Retro Game Review: https://t.co/CKs0gYz1b7Pls #RT <3‚Ä¶	neutral
La catastrophe industrielle Ghost in the Shell https://t.co/QtizNnHlcH https://t.co/aMAj0ED9gu	neutral
RT @steveaoki: When I float weightless back to the surface, I'm imagining I'm becoming someone else #ghostintheshell https://t.co/9RnRsM8FWb	neutral
RT @steveaoki: When I float weightless back to the surface, I'm imagining I'm becoming someone else #ghostintheshell https://t.co/9RnRsM8FWb	neutral
@colonydrop Ghost In The Shell, anyone? Cyberpunk has its own atmosphere, a communal space for any scenario.	neutral
I liked a @YouTube video https://t.co/EmtdwC243I Ghost In The Shell - Movie Review	positive
RT @steveaoki: When I float weightless back to the surface, I'm imagining I'm becoming someone else #ghostintheshell https://t.co/9RnRsM8FWb	neutral
RT @gitsost: Quick article about the Ghost in the Shell score situation. Retweet to spread awareness of the #GITSost campaign: https://t.co‚Ä¶	neutral
RT @steveaoki: When I float weightless back to the surface, I'm imagining I'm becoming someone else #ghostintheshell https://t.co/9RnRsM8FWb	neutral
@GhostInShell My painting of the beautiful #ScarlettJohansson as #Major #MotokoKusanagi in #GhostintheShell . https://t.co/gF2qIpZl5Z	positive
My sister in 1998: Why are you wasting your time watching that stupid stuff?My sister in 2017: Goes see Ghost in t‚Ä¶ https://t.co/thN0MzvlMa	negative
@winghug @zeke_pliskin Hey, more people went to see that than Ghost in the Shell so it can't be that unpopular of an opinion!!!	positive
RT @E_Asylum: I painted the beautiful #ScarlettJohansson as #Major in #GhostintheShell. #portrait #drawing #painting #art #Japanese #anime‚Ä¶	positive
I painted the beautiful #ScarlettJohansson as #Major in #GhostintheShell. #portrait #drawing #painting #art‚Ä¶ https://t.co/KFsLAhzSc6	positive
‚ÄúGhost in the Shell‚Äù under represented and unoriginal - Sonoma State Star https://t.co/tP1Mpb4bs6 #ShirowMasamune	neutral
@penguintruth Ghost in the Shell - Japanese main character played by a white womanFMA - White main character playe‚Ä¶ https://t.co/rZQq5OROvC	neutral
ArtStation - GHOST IN THE SHELL, RUIZ BURGOS https://t.co/BmWHQGEBUs	neutral
RT @steveaoki: When I float weightless back to the surface, I'm imagining I'm becoming someone else #ghostintheshell https://t.co/9RnRsM8FWb	neutral
Ghost in the Shell - GET9 https://t.co/CTVV7sVmXE	neutral
GHOST IN THE SHELL | remake https://t.co/VQ6krpnudA	neutral
Watching ghost in the shell with babe	neutral
Ghost in the shell was pretty good sis https://t.co/xZvRtqaNbU	positive
GHOST IN THE SHELL Trailer (2017) https://t.co/5dtVQRhWKd #bitcoin #bitcoinmining #bitclub #mlm https://t.co/fIXDxw8TAH	neutral
RT @kikkujo: ghost in the shell [2017] https://t.co/GILfUPh77U	neutral
RT @JuicyGameReview: New Guest Blog post by @Agent_Prince Ghost in the Shell (PS1) Retro Game Review: https://t.co/CKs0gYz1b7Pls #RT <3‚Ä¶	neutral
Scarlet Johansson On Why Her 'Ghost in the Shell' Role Isn't Whitewashin https://t.co/VxPG7VTEcx	positive
RT @kikkujo: ghost in the shell [2017] https://t.co/GILfUPh77U	neutral
Ghost in the shell. Remake. Just use your ssh terminal https://t.co/kDMCN7lnHr	neutral
RT @kikkujo: ghost in the shell [2017] https://t.co/GILfUPh77U	neutral
RT @steveaoki: When I float weightless back to the surface, I'm imagining I'm becoming someone else #ghostintheshell https://t.co/9RnRsM8FWb	neutral
Ghost in the shell. Remake. Just use your ssh terminal https://t.co/nThlrRjidn	neutral
@ShannonJessie @bloody_osiris GHOST IN THE SHELL 3D WITH ABOUT 5 TABS OF ACID	neutral
RT @steveaoki: When I float weightless back to the surface, I'm imagining I'm becoming someone else #ghostintheshell https://t.co/9RnRsM8FWb	neutral
RT @steveaoki: When I float weightless back to the surface, I'm imagining I'm becoming someone else #ghostintheshell https://t.co/9RnRsM8FWb	neutral
‚ÄúGHOST IN THE SHELL | remake‚Äù https://t.co/6b4oFQIG8S	neutral
RT @kikkujo: ghost in the shell [2017] https://t.co/GILfUPh77U	neutral
#Art Direction: Ghost in the Shell Solograms and Posters @abdznews https://t.co/1MzefIxHHs https://t.co/Dtx9n0Hbtf	neutral
@kaebasc @IcebergLuffy It's one of my favourites: Ghost in the Shell 2: Innocence.	neutral
@glumsensei It's one of my favourites: Ghost in the Shell 2: Innocence.	neutral
RT @gitsost: Quick article about the Ghost in the Shell score situation. Retweet to spread awareness of the #GITSost campaign: https://t.co‚Ä¶	neutral
RT @steveaoki: When I float weightless back to the surface, I'm imagining I'm becoming someone else #ghostintheshell https://t.co/9RnRsM8FWb	neutral
RT @MangaUK: Get some game-changing cyberpunk in your eyeballs! #GhostInTheShell is an anime classic: https://t.co/Q3Fj6opciA https://t.co/‚Ä¶	negative
@IcebergLuffy Maybe the second Ghost in the Shell movie?	neutral
@IcebergLuffy Ghost in the Shell: Innocence	neutral
RT @steveaoki: When I float weightless back to the surface, I'm imagining I'm becoming someone else #ghostintheshell https://t.co/9RnRsM8FWb	neutral
@mattsinger Weirdly enough, the American GHOST IN THE SHELL pulls this same shit	negative
GHOST IN THE SHELL | remake https://t.co/atbJQc9PG3	neutral
RT @steveaoki: When I float weightless back to the surface, I'm imagining I'm becoming someone else #ghostintheshell https://t.co/9RnRsM8FWb	neutral
‚ÄúGHOST IN THE SHELL | remake‚Äù https://t.co/QNORpOMbXa	neutral
Ghost In The Shell ata???? https://t.co/soyg0FXNt2	neutral
RT @steveaoki: When I float weightless back to the surface, I'm imagining I'm becoming someone else #ghostintheshell https://t.co/9RnRsM8FWb	neutral
@TheGrassyNowell @steven_reds so badly i want that but with spider tanks from ghost in the shell	neutral
Ghost in the shell. Remake. Just use your ssh terminal https://t.co/uYzmsp7uHX	neutral
RT @steveaoki: When I float weightless back to the surface, I'm imagining I'm becoming someone else #ghostintheshell https://t.co/9RnRsM8FWb	neutral
RT @steveaoki: When I float weightless back to the surface, I'm imagining I'm becoming someone else #ghostintheshell https://t.co/9RnRsM8FWb	neutral
RT @steveaoki: When I float weightless back to the surface, I'm imagining I'm becoming someone else #ghostintheshell https://t.co/9RnRsM8FWb	neutral
RT @steveaoki: When I float weightless back to the surface, I'm imagining I'm becoming someone else #ghostintheshell https://t.co/9RnRsM8FWb	neutral
The Boss Baby Mengalahkan Ghost in the Shell pada Weekend Box Office https://t.co/hkDSwTuRF4 #beritafilm #film	neutral
RT @steveaoki: When I float weightless back to the surface, I'm imagining I'm becoming someone else #ghostintheshell https://t.co/9RnRsM8FWb	neutral
Ghost In The Shell (2017), past and present: I watched it a few days ago‚Ä¶ https://t.co/pM6ka7JfAG #peblog #blogpost	neutral
ive reconciled by watching ghost in the shell in english while playing nba	neutral
üì∑ ekugen: GHOST IN THE SHELL¬† ‚Äì Masamune Shirow https://t.co/wXmFnEcsBc	neutral
RT @steveaoki: When I float weightless back to the surface, I'm imagining I'm becoming someone else #ghostintheshell https://t.co/9RnRsM8FWb	neutral
RT @MEMESG0D: Ghost In The Shell (2017) https://t.co/8eEw0fQvWl	neutral
sitting here with ghost in the shell open ready to watch but i dont want to even though i have nothing else to do	positive
@LordDKB We did it and saw Ghost in the Shell and that shit was crazy lmao	positive
RT @JuicyGameReview: New Guest Blog post by @Agent_Prince Ghost in the Shell (PS1) Retro Game Review: https://t.co/CKs0gYz1b7Pls #RT <3‚Ä¶	neutral
I liked a @YouTube video https://t.co/qx4rgJ2R4O What Japanese Think of Whitewashing (Ghost in the Shell, Death Note, Interview)	neutral
I liked a @YouTube video https://t.co/qx4rgJ2R4O What Japanese Think of Whitewashing (Ghost in the Shell, Death Note, Interview)	neutral
@TIME Shut-up. Compared to Ghost In The Shell, I'd say it's a winner!	neutral
RT @steveaoki: When I float weightless back to the surface, I'm imagining I'm becoming someone else #ghostintheshell https://t.co/9RnRsM8FWb	neutral
https://t.co/rRUCTx7GmAOn Apple Itunes....too...support indie acoustic rock	positive
Yeah, I liked the hell out of this movie and I seriously wish more people would give it a chance. https://t.co/hZC9EAMMHu #GhostInTheShell	positive
RT @steveaoki: When I float weightless back to the surface, I'm imagining I'm becoming someone else #ghostintheshell https://t.co/9RnRsM8FWb	neutral
RT @Agent122Comic: Get the FULL 28-Page PRINTED version now at: https://t.co/iKJWaysPLt #comicbooks #future #GhostInTheShell #retweet #Mach‚Ä¶	neutral
RT @SBLMov_Trailers: #sblmoviesandtrailer Ghost In The Shell (2017) ‚Äì Rupert‚Äôs Vision ‚Äì #Paramount Pictures https://t.co/YfraF2Hrjh #ghosti‚Ä¶	positive
RT @Agent122Comic: Get the FULL 28-Page PRINTED version now at: https://t.co/iKJWaysPLt #comicbooks #future #GhostInTheShell #retweet #Mach‚Ä¶	neutral
RT @DamienDixon4568: Ghost in the Shell (2017) Full Soundtrack | Full OST | All Songs with Re... https://t.co/HOywJVjstw via @YouTube  #Gho‚Ä¶	neutral
Ghost in the Shell (2017) Full Soundtrack | Full OST | All Songs with Re... https://t.co/HOywJVjstw via @YouTube  #Ghostintheshell	neutral
#NowPlaying Ghost in the Shell di Carmelo Hack Consoli ‚ô´ https://t.co/3OadCmt4RK	neutral
Get the FULL 28-Page PRINTED version now at: https://t.co/iKJWaysPLt #comicbooks #future #GhostInTheShell #retweet #Machine	neutral
The Incredible Art of Ghost in the Shell https://t.co/Jg3GtONd1z https://t.co/krP3Ty6aSw https://t.co/fXzkxhTmnX	positive
I loved this version, let me explain why. https://t.co/yoL7RQulHv	positive
I liked a @YouTube video https://t.co/6SBDPzzoUE What Japanese Reviewers think of Ghost in the Shell (2017)	positive
RT @BigOnAnime: I'm still kinda surprised at how little it's made overseas compared to like Ghost in the Shell... https://t.co/jJFjTxRLEF	neutral
RT @steveaoki: When I float weightless back to the surface, I'm imagining I'm becoming someone else #ghostintheshell https://t.co/9RnRsM8FWb	neutral
#sblmoviesandtrailer Ghost In The Shell (2017) ‚Äì Rupert‚Äôs Vision ‚Äì #Paramount Pictures https://t.co/YfraF2Hrjh #ghostintheshell	positive
RT @BigOnAnime: I'm still kinda surprised at how little it's made overseas compared to like Ghost in the Shell... https://t.co/jJFjTxRLEF	neutral
RT @steveaoki: When I float weightless back to the surface, I'm imagining I'm becoming someone else #ghostintheshell https://t.co/9RnRsM8FWb	neutral
RT @steveaoki: When I float weightless back to the surface, I'm imagining I'm becoming someone else #ghostintheshell https://t.co/9RnRsM8FWb	neutral
#Scarlett #Poster GHOST IN THE SHELL Movie Scarlett Johansson TEXTLESS Art Silk Poster 24x36inch https://t.co/yGd7Sk4eyv #Collectible #Sale	neutral
RT @steveaoki: When I float weightless back to the surface, I'm imagining I'm becoming someone else #ghostintheshell https://t.co/9RnRsM8FWb	neutral
RT @steveaoki: When I float weightless back to the surface, I'm imagining I'm becoming someone else #ghostintheshell https://t.co/9RnRsM8FWb	neutral
RT @WhispyWitch: Ghost In The Shell (2017) https://t.co/TwifHeANS4	neutral
RT @NinjaPizzaRadio: On this Episode Jon and Matt talk about the #GhostintheShell movie, whitewashing, and the death of the Blockbuster htt‚Ä¶	negative
RT @HaydenKDavis: #scarlettjohansson from #ghostintheshell done in #copicmarkers on Bristol paper. Love the look of this movie. https://t.c‚Ä¶	positive
RT @valerie253edel: Well i tried XDHer face is way offüòÖ , but im finally finished XD#Scarlettjohansson #ghostintheshell #drawing #fanart‚Ä¶	positive
Well i tried XDHer face is way offüòÖ , but im finally finished XD#Scarlettjohansson #ghostintheshell #drawing‚Ä¶ https://t.co/9PBfLgjqPP	positive
Ghost in the Shell Official Teaser Trailer #1 (2017) Scarlett Johansson Action Movie HDhttps://t.co/sO2WANwduC https://t.co/OSVs92vqOQ	neutral
RT @kikkujo: ghost in the shell [2017] https://t.co/GILfUPh77U	neutral
RT @steveaoki: When I float weightless back to the surface, I'm imagining I'm becoming someone else #ghostintheshell https://t.co/9RnRsM8FWb	neutral
#scarlettjohansson from #ghostintheshell done in #copicmarkers on Bristol paper. Love the look of this movie. https://t.co/MF2xSc4sBq	positive
Me gust√≥ un video de @YouTube https://t.co/3EtHsrqlvn How Weta Workshop Made Ghost In The Shell's Thermoptic Suit!	neutral
Took my left over Portillo's with me to see GHOST IN THE SHELL tonight! #portillos‚Ä¶ https://t.co/gnqNrxYeTs	neutral
RT @aizakkusan: #BulletArt #ËçâËñôÁ¥†Â≠ê GHOST IN THE SHELL 1995 https://t.co/xNeGYOH4xr #„Çπ„Ç´„É®„ÉèÊîªÊÆª @Snaplord_TMT @Visual_Moods @ghostshell_JP #GTAOnl‚Ä¶	neutral
RT @NinjaPizzaRadio: On this Episode Jon and Matt talk about the #GhostintheShell movie, whitewashing, and the death of the Blockbuster htt‚Ä¶	negative
RT @steveaoki: When I float weightless back to the surface, I'm imagining I'm becoming someone else #ghostintheshell https://t.co/9RnRsM8FWb	neutral
I actually really like Ghost in the Shell	neutral
‚ÄúGhost in the Shell‚Äù under represented and unoriginal - Sonoma State Star https://t.co/kvg1vyo7aG #ShirowMasamune	neutral
Ghost in the Shell: Stand Alone Complex is a very serious show. https://t.co/CTslvJmlrA	neutral
I liked a @YouTube video https://t.co/p0QFq6Rc7B What Japanese Reviewers think of Ghost in the Shell (2017)	positive
Ghost in the Shell: Stand Alone Complex - First Assault Online: https://t.co/8y7ysPGqK7 v√≠a @YouTube	neutral
@romolagarais my dad loved ghost in the shell and was like "you don't want to see it? I'm surprised I thought it was your thing" OMG	positive
RT @steveaoki: When I float weightless back to the surface, I'm imagining I'm becoming someone else #ghostintheshell https://t.co/9RnRsM8FWb	neutral
RT @steveaoki: When I float weightless back to the surface, I'm imagining I'm becoming someone else #ghostintheshell https://t.co/9RnRsM8FWb	neutral
Get Out, Big Little Lies, Manchester by the Sea, and Ghost in the Shell https://t.co/T6UX1I4N3a	neutral
You're  the GHOST IN THE SHELL of my heart	neutral
RT @MatthewACherry: The same for my Asian fam cc: Iron Fist, Great Wall, Ghost In The Shell etc. Do your research and do better.	positive
I'm very drunk and walked out of ghost in the shell	neutral
Ghost in the shell. Remake. Just use your ssh terminal https://t.co/55R1UmZ2Jn	neutral
Ghost in the Shell (2017): Great visuals, a lot like manga. Okay story, not as deep/profound as the original. Could've casted a better Major	positive
RT @newsycombinator: Ghost in the Shell ‚Äì remake https://t.co/cQyVXiKIxB	neutral
Tried to watch the OG Ghost in the Shell anime with my gf.We didn't get passed the intro.#notsurprised üôÖüèΩ	positive
RT @steveaoki: When I float weightless back to the surface, I'm imagining I'm becoming someone else #ghostintheshell https://t.co/9RnRsM8FWb	neutral
RT @steveaoki: When I float weightless back to the surface, I'm imagining I'm becoming someone else #ghostintheshell https://t.co/9RnRsM8FWb	neutral
RT @SBLMov_Trailers: #sblmoviesandtrailer Ghost In The Shell (2017) ‚Äì Water Fight ‚Äì #Paramount Pictures https://t.co/90UdRKKoWI #ghostinthe‚Ä¶	positive
@AsyrafMuda ghost in the shell movie takde ke	neutral
RT @steveaoki: When I float weightless back to the surface, I'm imagining I'm becoming someone else #ghostintheshell https://t.co/9RnRsM8FWb	neutral
RT @steveaoki: When I float weightless back to the surface, I'm imagining I'm becoming someone else #ghostintheshell https://t.co/9RnRsM8FWb	neutral
RT @steveaoki: When I float weightless back to the surface, I'm imagining I'm becoming someone else #ghostintheshell https://t.co/9RnRsM8FWb	neutral
Disappointed in myself for being at Ghost in the Shell right now	negative
RT @WitWGARA: The original Ghost in the Shell is iconic anime, and a rich philosophical texthttps://t.co/GoB4aXHRv4 https://t.co/FuHvn6lGJc	neutral
RT @steveaoki: When I float weightless back to the surface, I'm imagining I'm becoming someone else #ghostintheshell https://t.co/9RnRsM8FWb	neutral
#sblmoviesandtrailer Ghost In The Shell (2017) ‚Äì Water Fight ‚Äì #Paramount Pictures https://t.co/90UdRKKoWI #ghostintheshell	positive
Oh, and I saw the original Ghost in the Shell film last week. Not my kind of movie, but I can definitely see where the praise comes from.	neutral
RT @maciejkuciara: Good morning! #gits time!#art #conceptart #ghostintheshell #movie #illustration #photobashing #adobe #photoshop #dreamw‚Ä¶	positive
RT @maciejkuciara: Good morning! #gits time!#art #conceptart #ghostintheshell #movie #illustration #photobashing #adobe #photoshop #dreamw‚Ä¶	positive
RT @steveaoki: When I float weightless back to the surface, I'm imagining I'm becoming someone else #ghostintheshell https://t.co/9RnRsM8FWb	neutral
RT @steveaoki: When I float weightless back to the surface, I'm imagining I'm becoming someone else #ghostintheshell https://t.co/9RnRsM8FWb	neutral
üì∑ artissimo: ghost in the shell 79 by osvaldo pasillas Shadowline: The Art of Iain McCaig https://t.co/BJSBfXUH8j https://t.co/UIN31GHAOc	neutral
üì∑ artissimo: ghost in the shell 79 by osvaldo pasillas Shadowline: The Art of Iain McCaig https://t.co/BJSBfXUH8j https://t.co/yy6Rr5Cyx4	neutral
RT @steveaoki: When I float weightless back to the surface, I'm imagining I'm becoming someone else #ghostintheshell https://t.co/9RnRsM8FWb	neutral
I'm still kinda surprised at how little it's made overseas compared to like Ghost in the Shell... https://t.co/jJFjTxRLEF	neutral
üì∑ artissimo: ghost in the shell 79 by osvaldo pasillas Shadowline: The Art of Iain McCaig https://t.co/BJSBfXUH8j	neutral
Do I start Ghost in the Shell?	neutral
RT @MiasMiniReviews: #GhostInTheShell (2017) - Gorgeous looking. Some of it well cast. Disappointing,  generic, plot. TheMajor deserved a b‚Ä¶	positive
RT @cinemaecritica: Ghost in the Shell: Software Speciale per Scarletthttps://t.co/qR5Nd9grfX #ghostintheshell #cinema #Rai #alcinema #box‚Ä¶	neutral
Ghost in the Shell: Software Speciale per Scarletthttps://t.co/qR5Nd9grfX #ghostintheshell #cinema #Rai #alcinema‚Ä¶ https://t.co/CKdHdywGXd	neutral
RT @steveaoki: When I float weightless back to the surface, I'm imagining I'm becoming someone else #ghostintheshell https://t.co/9RnRsM8FWb	neutral
‚ÄúGHOST IN THE SHELL | remake‚Äù https://t.co/ptgv4cSgSF	neutral
Watched the new ghost in the Shell ..It was ok ..I'm mad but I'm not glad at it	positive
RT @steveaoki: When I float weightless back to the surface, I'm imagining I'm becoming someone else #ghostintheshell https://t.co/9RnRsM8FWb	neutral
RT @steveaoki: When I float weightless back to the surface, I'm imagining I'm becoming someone else #ghostintheshell https://t.co/9RnRsM8FWb	neutral
RT @steveaoki: When I float weightless back to the surface, I'm imagining I'm becoming someone else #ghostintheshell https://t.co/9RnRsM8FWb	neutral
RT @steveaoki: When I float weightless back to the surface, I'm imagining I'm becoming someone else #ghostintheshell https://t.co/9RnRsM8FWb	neutral
RT @steveaoki: When I float weightless back to the surface, I'm imagining I'm becoming someone else #ghostintheshell https://t.co/9RnRsM8FWb	neutral
-Oye, ¬øvale la pena ver Ghost in the shell? https://t.co/tuEzgwGfyI	neutral
RT @Agent122Comic: Why has this #cyborg got a Teddy-Bear??... Tell us what you think?? #3DModel #ghostintheshell https://t.co/XrGGEkqTpM	neutral
RT @MiasMiniReviews: I saw the new #ghostintheshell. I had some thoughts. Not all of them were great. #moviereview https://t.co/t8jdeQxomi	positive
RT @MiasMiniReviews: #GhostInTheShell (2017) - Gorgeous looking. Some of it well cast. Disappointing,  generic, plot. TheMajor deserved a b‚Ä¶	positive
RT @MiasMiniReviews: I saw the new #ghostintheshell. I had some thoughts. Not all of them were great. #moviereview https://t.co/t8jdeQxomi	positive
The Role of mostly white male üöÆcritics giving Ghost In The Shell ok reviews, here's Clara's brilliant thread on race,	negative
RT @steveaoki: When I float weightless back to the surface, I'm imagining I'm becoming someone else #ghostintheshell https://t.co/9RnRsM8FWb	neutral
RT @steveaoki: When I float weightless back to the surface, I'm imagining I'm becoming someone else #ghostintheshell https://t.co/9RnRsM8FWb	neutral
RT @janurschel: design done for the Ghost in the Shell movie #ghostinthesell https://t.co/V6ru6QvmIC	neutral
Critics are raving... mad about ‚ÄòGhost in the Shell‚Äô https://t.co/R18Yy8g05Y https://t.co/Br7vKRJlLO	negative
Ghost in the shell - fan art by Liang xing https://t.co/m6AdmL1ca5 https://t.co/0qb9n4fQq9	neutral
Why has this #cyborg got a Teddy-Bear??... Tell us what you think?? #3DModel #ghostintheshell https://t.co/XrGGEkqTpM	neutral
Why has this #cyborg got a Teddy-Bear??... Tell us what you think?? #3DModel #ghostintheshell https://t.co/XrGGEkqTpM	neutral
For those still wondering how Ghost In The Shell flopped, this thread explains it perfectly.üôåüèæ https://t.co/t2CWYnFyz9	neutral
Ghost in the shell. Remake. Just use your ssh terminal https://t.co/qANxsgpg1b	neutral
RT @steveaoki: When I float weightless back to the surface, I'm imagining I'm becoming someone else #ghostintheshell https://t.co/9RnRsM8FWb	neutral
Ghost in the shell. Remake. Just use your ssh terminal https://t.co/2xpwW8jDkY	neutral
RT @steveaoki: When I float weightless back to the surface, I'm imagining I'm becoming someone else #ghostintheshell https://t.co/9RnRsM8FWb	neutral
GHOST IN THE SHELL | remake https://t.co/dXGZ89O7Hf	neutral
RT @liamwong: Ghost In The Shell 95 vibes.A picture I took last week in Hong Kong. https://t.co/n6PjshMRAO	neutral
Nice, mate just told me they changed the origin story of Major in the Ghost in the Shell Film, glad I saved my money.	positive
RT @jockandnerdcast: #ThorRagnarok trailer is awesome, @ReallyRugboy saw #GhostInTheShell and we review #IronFist! #marvel #podernfamily ht‚Ä¶	positive
RT @ShadowZael: SHOTS FIRED @ Ghost in the Shell https://t.co/sYMP28NaX7	neutral
Enter the virtual world of Ghost in the Shell with the VR Diver app - Japanatorhttps://t.co/ahgbaWcrGl #followme‚Ä¶ https://t.co/8O38t5ulsI	neutral
i mentioned something about anime and my uncle got very heated about how the ghost in the shell movie was nowhere near as good as the anime	positive
RT @steveaoki: When I float weightless back to the surface, I'm imagining I'm becoming someone else #ghostintheshell https://t.co/9RnRsM8FWb	neutral
RT @steveaoki: When I float weightless back to the surface, I'm imagining I'm becoming someone else #ghostintheshell https://t.co/9RnRsM8FWb	neutral
#ThorRagnarok trailer is awesome, @ReallyRugboy saw #GhostInTheShell and we review #IronFist! #marvel #podernfamily‚Ä¶ https://t.co/dPurGyE1Kq	positive
RT @liamwong: Ghost In The Shell 95 vibes.A picture I took last week in Hong Kong. https://t.co/n6PjshMRAO	neutral
RT @steveaoki: When I float weightless back to the surface, I'm imagining I'm becoming someone else #ghostintheshell https://t.co/9RnRsM8FWb	neutral
RT @steveaoki: When I float weightless back to the surface, I'm imagining I'm becoming someone else #ghostintheshell https://t.co/9RnRsM8FWb	neutral
Watching the 95' "Ghost in the Shell" movie, holy shit, the animation, the details, damn, I'm loving every minute o‚Ä¶ https://t.co/4eG8c99rdC	positive
RT @steveaoki: When I float weightless back to the surface, I'm imagining I'm becoming someone else #ghostintheshell https://t.co/9RnRsM8FWb	neutral
‚ÄúGhost in the Shell‚Äù under represented and unoriginal - Sonoma State Star https://t.co/tU9ICUfXFP #ShirowMasamune	neutral
@IPushKids Imma see lol. I wanna fw Ghost in the Shell üôÉ	positive
RT @steveaoki: When I float weightless back to the surface, I'm imagining I'm becoming someone else #ghostintheshell https://t.co/9RnRsM8FWb	neutral
RT @steveaoki: When I float weightless back to the surface, I'm imagining I'm becoming someone else #ghostintheshell https://t.co/9RnRsM8FWb	neutral
'Ghost in the Shell': 4 Japanese Actresses Dissect the Movie and Its Whitewashing Twist https://t.co/VLuBDZ5G0i via @thr	neutral
First time seeing Under the skin and I feel the identity themes are how Ghost in the Shell should have been.	neutral
RT @kikkujo: ghost in the shell [2017] https://t.co/GILfUPh77U	neutral
RT @steveaoki: When I float weightless back to the surface, I'm imagining I'm becoming someone else #ghostintheshell https://t.co/9RnRsM8FWb	neutral
RT @Agent122Comic: Buy the first edition comic now at https://t.co/qY2Z6PAbUZ #supportIndieComics #cult #GhostInTheShell #mustread #Cyborg	neutral
RT @LucasGlander: Makin hairs #eucon2017  #eugencomiccon #geishabot #ghostintheshell #ghostintheshell3d #3dprinting #3dprintingtimelapse #‚Ä¶	neutral
RT @LucasGlander: Makin hair #eucon #eugencomiccon #geishabot #ghostintheshell #ghostintheshell3d #3dprinting #3dprintingtimelapse #sendsi‚Ä¶	neutral
RT @steveaoki: When I float weightless back to the surface, I'm imagining I'm becoming someone else #ghostintheshell https://t.co/9RnRsM8FWb	neutral
RT @liamwong: Ghost In The Shell 95 vibes.A picture I took last week in Hong Kong. https://t.co/n6PjshMRAO	neutral
RT @steveaoki: When I float weightless back to the surface, I'm imagining I'm becoming someone else #ghostintheshell https://t.co/9RnRsM8FWb	neutral
RT @kikkujo: ghost in the shell [2017] https://t.co/GILfUPh77U	neutral
RT @steveaoki: When I float weightless back to the surface, I'm imagining I'm becoming someone else #ghostintheshell https://t.co/9RnRsM8FWb	neutral
Just notched off two more movies I've been meaning to see. Kong: Skull Island, and Ghost in the Shell. Both were pretty sweet!	positive
RT @LucasGlander: Makin hair #eucon #eugencomiccon #geishabot #ghostintheshell #ghostintheshell3d #3dprinting #3dprintingtimelapse #sendsi‚Ä¶	neutral
RT @LucasGlander: Makin hairs #eucon2017  #eugencomiccon #geishabot #ghostintheshell #ghostintheshell3d #3dprinting #3dprintingtimelapse #‚Ä¶	neutral
Buy the first edition comic now at https://t.co/qY2Z6PAbUZ #supportIndieComics #cult #GhostInTheShell #mustread #Cyborg	neutral
RT @steveaoki: When I float weightless back to the surface, I'm imagining I'm becoming someone else #ghostintheshell https://t.co/9RnRsM8FWb	neutral
RT @liamwong: Ghost In The Shell 95 vibes.A picture I took last week in Hong Kong. https://t.co/n6PjshMRAO	neutral
RT @steveaoki: When I float weightless back to the surface, I'm imagining I'm becoming someone else #ghostintheshell https://t.co/9RnRsM8FWb	neutral
RT @steveaoki: When I float weightless back to the surface, I'm imagining I'm becoming someone else #ghostintheshell https://t.co/9RnRsM8FWb	neutral
I got some extra time before I shipSaw Ghost in the Shell.ALSO I'M GONNA MISS THIS.F U C K https://t.co/Q9VfBCJMAc	neutral
RT @steveaoki: When I float weightless back to the surface, I'm imagining I'm becoming someone else #ghostintheshell https://t.co/9RnRsM8FWb	neutral
RT @steveaoki: When I float weightless back to the surface, I'm imagining I'm becoming someone else #ghostintheshell https://t.co/9RnRsM8FWb	neutral
RT @steveaoki: When I float weightless back to the surface, I'm imagining I'm becoming someone else #ghostintheshell https://t.co/9RnRsM8FWb	neutral
RT @steveaoki: When I float weightless back to the surface, I'm imagining I'm becoming someone else #ghostintheshell https://t.co/9RnRsM8FWb	neutral
RT @ShadowZael: SHOTS FIRED @ Ghost in the Shell https://t.co/sYMP28NaX7	neutral
Makin hairs #eucon2017  #eugencomiccon #geishabot #ghostintheshell #ghostintheshell3d #3dprinting‚Ä¶ https://t.co/6sMU81Fhiu	neutral
Makin hair #eucon #eugencomiccon #geishabot #ghostintheshell #ghostintheshell3d #3dprinting #3dprintingtimelapse‚Ä¶ https://t.co/zuUlMSi6da	neutral
RT @SBLMov_Trailers: #sblmoviesandtrailer Ghost in the Shell (2017) ‚Äì ‚ÄúReckoning‚Äù ‚Äì #Paramount Pictures https://t.co/A3CRadL47f #drama #gho‚Ä¶	positive
RT @steveaoki: When I float weightless back to the surface, I'm imagining I'm becoming someone else #ghostintheshell https://t.co/9RnRsM8FWb	neutral
@Oot üò∏ I'll let you know when I watch Ghost in the Shell! Still gotta get to it but haven't yet!	positive
sick update: ive been waiting for an hour I realized it was ghost in the shell	negative
Listen to Ghost in the Shell (1995), Wilson - Extra Film by InSession Film #np on #SoundCloud@Forest @sangmadbj3z  https://t.co/3pdLGvpjTS	neutral
Got around to watching the new live action version of Ghost in the Shell (2017) today and I‚Ä¶ https://t.co/Qjn3AdLqDh	neutral
RT @InukiLovesSteak: seeing ghost in the shell reminded me how much I f*cking loved appleseed D: and I still do...thank you shirow senpaiii‚Ä¶	positive
RT @liamwong: Ghost In The Shell 95 vibes.A picture I took last week in Hong Kong. https://t.co/n6PjshMRAO	neutral
Ash Thorp's Ghost in the Shell reel. https://t.co/nQmT8CBs5m	neutral
RT @gitsost: Quick article about the Ghost in the Shell score situation. Retweet to spread awareness of the #GITSost campaign: https://t.co‚Ä¶	neutral
RT @steveaoki: When I float weightless back to the surface, I'm imagining I'm becoming someone else #ghostintheshell https://t.co/9RnRsM8FWb	neutral
RT @gitsost: Speaking of synths, this 90 second clip of the Ghost in the Shell score has 15,000 views on Youtube‚Ä¶ #JustSaying. https://t.co‚Ä¶	neutral
RT @liamwong: Ghost In The Shell 95 vibes.A picture I took last week in Hong Kong. https://t.co/n6PjshMRAO	neutral
RT @DarkSaviorGabe: We are LIVE! Hopefully that was the final fix necessary! PUBG/Ghost in the Shellhttps://t.co/sOryKYsLqk#SupportSmallS‚Ä¶	neutral
RT @StrawberryHillM: Come see @MaryEMcGlynn this weekend at @zenkaikon in Lancaster, PA!#AnimeCon #GhostintheShell #SilentHill #CowboyBebo‚Ä¶	neutral
@FightOwensFight And we live in a world where Ghost in the Shell is remade, Trump is president and WW3 is happening‚Ä¶ https://t.co/J51A1Q3KYY	positive
RT @gitsost: Thanks for the amazing creative work on GITS, @eszenyip. Check out our fan petition to get the music score released! https://t‚Ä¶	positive
RT @gitsost: Starting a Twitter list of people who worked on Ghost in the Shell (2017). Let us know about people to add! https://t.co/tXgwO‚Ä¶	neutral
RT @steveaoki: When I float weightless back to the surface, I'm imagining I'm becoming someone else #ghostintheshell https://t.co/9RnRsM8FWb	neutral
#sblmoviesandtrailer Ghost in the Shell (2017) ‚Äì ‚ÄúReckoning‚Äù ‚Äì #Paramount Pictures https://t.co/A3CRadL47f #drama #ghostintheshell	positive
@KristianHarloff You gave it lower than the new ghost in the shell... You gave it a rotten.  But i haven't seen it yet, so i can't judge üòáüòá	negative
RT @liamwong: Ghost In The Shell 95 vibes.A picture I took last week in Hong Kong. https://t.co/n6PjshMRAO	neutral
RT @steveaoki: When I float weightless back to the surface, I'm imagining I'm becoming someone else #ghostintheshell https://t.co/9RnRsM8FWb	neutral
Otra que Ghost in the shell https://t.co/rVE8SzbW9T	neutral
RT @mariaduron: Just.b/c you can do anything doesn't mean you should do it.  -John Dykstra, Visual Effects Designer Ghost in the Shell #nab‚Ä¶	positive
RT @steveaoki: When I float weightless back to the surface, I'm imagining I'm becoming someone else #ghostintheshell https://t.co/9RnRsM8FWb	neutral
RT @steveaoki: When I float weightless back to the surface, I'm imagining I'm becoming someone else #ghostintheshell https://t.co/9RnRsM8FWb	neutral
imagine if chinese hackers scored the original ghost in the shell	neutral
RT @liamwong: Ghost In The Shell 95 vibes.A picture I took last week in Hong Kong. https://t.co/n6PjshMRAO	neutral
RT @KennyCoble: Jeff Yang talking about Ghost in the Shell being the Reverse Get Out is blowing my mind. The SHADE. @originalspin https://t‚Ä¶	neutral
RT @steveaoki: When I float weightless back to the surface, I'm imagining I'm becoming someone else #ghostintheshell https://t.co/9RnRsM8FWb	neutral
Idk why ppl hated the Ghost in the Shell movie so much. The first bit was almost a shot for shot remake of the anime movie from 1995.	negative
RT @gitsost: Quick article about the Ghost in the Shell score situation. Retweet to spread awareness of the #GITSost campaign: https://t.co‚Ä¶	neutral
RT @liamwong: Ghost In The Shell 95 vibes.A picture I took last week in Hong Kong. https://t.co/n6PjshMRAO	neutral
RT @steveaoki: When I float weightless back to the surface, I'm imagining I'm becoming someone else #ghostintheshell https://t.co/9RnRsM8FWb	neutral
RT @liamwong: Ghost In The Shell 95 vibes.A picture I took last week in Hong Kong. https://t.co/n6PjshMRAO	neutral
RT @yourpallee: Only massive racists don't watch my #GhostintheShell review/ whitewashing discussion. You ain't a racist, are you?https://‚Ä¶	negative
RT @VidimovieMovies: Ghost in the Shell (2017) on #VidimovieTrailers, Clips & Reviews: https://t.co/VGC4pfNlI1#GhostInTheShell https://t.‚Ä¶	neutral
RT @steveaoki: When I float weightless back to the surface, I'm imagining I'm becoming someone else #ghostintheshell https://t.co/9RnRsM8FWb	neutral
RT @liamwong: Ghost In The Shell 95 vibes.A picture I took last week in Hong Kong. https://t.co/n6PjshMRAO	neutral
RT @liamwong: Ghost In The Shell 95 vibes.A picture I took last week in Hong Kong. https://t.co/n6PjshMRAO	neutral
@yungsuuwoo Stranger Things, Breaking Bad, Game of Thrones, Inuyasha, Ghost in the Shell	negative
RT @steveaoki: When I float weightless back to the surface, I'm imagining I'm becoming someone else #ghostintheshell https://t.co/9RnRsM8FWb	neutral
RT @liamwong: Ghost In The Shell 95 vibes.A picture I took last week in Hong Kong. https://t.co/n6PjshMRAO	neutral
#ElCineQueHeVistoEn2017 027. Ghost In The Shell (Rupert Sanders, 2017) Nota: 5 / 10 https://t.co/oniExroggA	neutral
RT @steveaoki: When I float weightless back to the surface, I'm imagining I'm becoming someone else #ghostintheshell https://t.co/9RnRsM8FWb	neutral
RT @liamwong: Ghost In The Shell 95 vibes.A picture I took last week in Hong Kong. https://t.co/n6PjshMRAO	neutral
RT @steveaoki: When I float weightless back to the surface, I'm imagining I'm becoming someone else #ghostintheshell https://t.co/9RnRsM8FWb	neutral
Ghost in the Shell (2017) on #VidimovieTrailers, Clips & Reviews: https://t.co/VGC4pfNlI1#GhostInTheShell https://t.co/jb8pkNP6Y7	neutral
RT @yourpallee: Only massive racists don't watch my #GhostintheShell review/ whitewashing discussion. You ain't a racist, are you?https://‚Ä¶	negative
RT @ryoassuka: 49. GHOST IN THE SHELL: STAND ALONE COMPLEX -ABSOLUTELY TIMELESS-CAN U LOOK AT THIS AND SAY IT FEELS 2002? -DIDNT THINK S‚Ä¶	neutral
RT @MangekyoJesus: Ghost in the shell (2017) https://t.co/uvcEgbyiq2	neutral
RT @steveaoki: When I float weightless back to the surface, I'm imagining I'm becoming someone else #ghostintheshell https://t.co/9RnRsM8FWb	neutral
@Technojara (Not always a definite standard though, Ghost in the Shell had a strong female lead and mmmmmm)(And I‚Ä¶ https://t.co/r3sWcUDN0H	positive
RT @steveaoki: When I float weightless back to the surface, I'm imagining I'm becoming someone else #ghostintheshell https://t.co/9RnRsM8FWb	neutral
RT @steveaoki: When I float weightless back to the surface, I'm imagining I'm becoming someone else #ghostintheshell https://t.co/9RnRsM8FWb	neutral
RT @steveaoki: When I float weightless back to the surface, I'm imagining I'm becoming someone else #ghostintheshell https://t.co/9RnRsM8FWb	neutral
RT @DarkSaviorGabe: We are LIVE! Hopefully that was the final fix necessary! PUBG/Ghost in the Shellhttps://t.co/sOryKYsLqk#SupportSmallS‚Ä¶	neutral
RT @steveaoki: When I float weightless back to the surface, I'm imagining I'm becoming someone else #ghostintheshell https://t.co/9RnRsM8FWb	neutral
We are LIVE! Hopefully that was the final fix necessary! PUBG/Ghost in the Shellhttps://t.co/sOryKYsLqk#SupportSmallStreamers	neutral
RT @kikkujo: ghost in the shell [2017] https://t.co/GILfUPh77U	neutral
RT @steveaoki: When I float weightless back to the surface, I'm imagining I'm becoming someone else #ghostintheshell https://t.co/9RnRsM8FWb	neutral
What Japanese Reviewers think of Ghost in the Shell (2017) https://t.co/hxHt0s1a2D via @ThatYuta	neutral
GHOST IN THE SHELL | remake https://t.co/ISEJHihLCP	neutral
RT @steveaoki: When I float weightless back to the surface, I'm imagining I'm becoming someone else #ghostintheshell https://t.co/9RnRsM8FWb	neutral
RT @steveaoki: When I float weightless back to the surface, I'm imagining I'm becoming someone else #ghostintheshell https://t.co/9RnRsM8FWb	neutral
RT @navparker: Ghost in the Shell solograms start here. https://t.co/KAeMqw7WHu	neutral
RT @steveaoki: When I float weightless back to the surface, I'm imagining I'm becoming someone else #ghostintheshell https://t.co/9RnRsM8FWb	neutral
RT @dmaul53854: Seeing the only showing of #GhostInTheShell at 10pm on a Monday just so I can finally listen to that episode of @slashfilmc‚Ä¶	neutral
Ghost in the shell are ready to came true https://t.co/O38XOgXyRr	positive
RT @Agent122Comic: #Agent122 vs the Machines. Get more at: https://t.co/QKGBpkfztF #comic #scifi #sexy #ghostintheshell https://t.co/1s5LYM‚Ä¶	neutral
Ghost in the shell. Remake. Just use your ssh terminal https://t.co/POFW6Zw5kb	neutral
RT @Agent122Comic: #Agent122 vs the Machines. Get more at: https://t.co/QKGBpkfztF #comic #scifi #sexy #ghostintheshell https://t.co/1s5LYM‚Ä¶	neutral
RT @steveaoki: When I float weightless back to the surface, I'm imagining I'm becoming someone else #ghostintheshell https://t.co/9RnRsM8FWb	neutral
RT @steveaoki: When I float weightless back to the surface, I'm imagining I'm becoming someone else #ghostintheshell https://t.co/9RnRsM8FWb	neutral
RT @alexfromfareast: ‚ÄúSomething happened to the Ghost in the Shell soundtrack, and hundreds of fans want answers‚Äù @firasd https://t.co/33VR‚Ä¶	neutral
RT @steveaoki: When I float weightless back to the surface, I'm imagining I'm becoming someone else #ghostintheshell https://t.co/9RnRsM8FWb	neutral
RT @alexfromfareast: ‚ÄúSomething happened to the Ghost in the Shell soundtrack, and hundreds of fans want answers‚Äù @firasd https://t.co/33VR‚Ä¶	neutral
‚ÄúSomething happened to the Ghost in the Shell soundtrack, and hundreds of fans want answers‚Äù @firasd https://t.co/33VRym9Z8a	neutral
Seeing the only showing of #GhostInTheShell at 10pm on a Monday just so I can finally listen to that episode of @slashfilmcast. #Whyyyyy	neutral
RT @DescentintoNerd: Here is our newest #podcast about #GhostintheShell and #PowerRangers with special guest @blindeyepodhttps://t.co/sIl‚Ä¶	neutral
RT @nightspotsradio: Have you seen @GhostInShell? What do you think?#GhostInTheShell	neutral
RT @steveaoki: When I float weightless back to the surface, I'm imagining I'm becoming someone else #ghostintheshell https://t.co/9RnRsM8FWb	neutral
Lucy could pass off as a prequel to Ghost in the Shell	neutral
RT @steveaoki: When I float weightless back to the surface, I'm imagining I'm becoming someone else #ghostintheshell https://t.co/9RnRsM8FWb	neutral
RT @nightspotsradio: Have you seen @GhostInShell? What do you think?#GhostInTheShell	neutral
RT @FudsOnFilm: Beauty & the Beast, Get Out, Kong: Skull Island and Ghost in the Shell get reviewed to bits - get in!https://t.co/fGkvUWT‚Ä¶	neutral
RT @JoeYabucki: #GhostInTheShell concept art feat. #MargotRobbie#Movie #Film #ScarlettJohansson #TakeshiKitano #PilouAsb√¶k #Juli‚Ä¶ https:/‚Ä¶	neutral
RT @TheNakedPorch: Check Out --> @SavageTalkP https://t.co/agEpCeDH5P They Talk --> #AmericanGods #Taboo #GhostintheShell  #kongskullisland‚Ä¶	neutral
RT @steveaoki: When I float weightless back to the surface, I'm imagining I'm becoming someone else #ghostintheshell https://t.co/9RnRsM8FWb	neutral
#GhostInTheShell concept art feat. #MargotRobbie#Movie #Film #ScarlettJohansson #TakeshiKitano #PilouAsb√¶k #Juli‚Ä¶‚Ä¶ https://t.co/2Is0FpcmYt	neutral
RT @steveaoki: When I float weightless back to the surface, I'm imagining I'm becoming someone else #ghostintheshell https://t.co/9RnRsM8FWb	neutral
RT @dearbassy: 'Ghost in the Shell': 4 Japanese Actresses Dissect the Movie and Its Whitewashing Twist https://t.co/rvEcRyOjmi	neutral
Have you seen @GhostInShell? What do you think?#GhostInTheShell	neutral
GHOST IN THE SHELL | remake https://t.co/VEjXWbADr7	neutral
RT @steveaoki: When I float weightless back to the surface, I'm imagining I'm becoming someone else #ghostintheshell https://t.co/9RnRsM8FWb	neutral
RT @steveaoki: When I float weightless back to the surface, I'm imagining I'm becoming someone else #ghostintheshell https://t.co/9RnRsM8FWb	neutral
RT @TheNakedPorch: Check Out --> @SavageTalkP https://t.co/agEpCeDH5P They Talk --> #AmericanGods #Taboo #GhostintheShell  #kongskullisland‚Ä¶	neutral
ekugen:GHOST IN THE SHELL¬† ‚Äì Masamune Shirowlink: https://t.co/INJgOawW3r #tumblr #gif #cool https://t.co/PHQ3WbDfGi	positive
RT @SavageTalkP: Check it out ----> https://t.co/xSawiiebNx ‚Ä¶ #AmericanGods #Taboo #GhostintheShell #GITS #kongskullisland #LIFE #SPLIT @Sa‚Ä¶	neutral
watching Ghost In The Shell at His Sleep Chamber https://t.co/6A7r4QMHQ0	neutral
RT @Agent122Comic: #Agent122 vs the Machines. Get more at: https://t.co/QKGBpkfztF #comic #scifi #sexy #ghostintheshell https://t.co/1s5LYM‚Ä¶	neutral
Me gust√≥ un video de @YouTube https://t.co/aSLqjdTPES Ghost In The Shell (Steve Aoki Remix) - Official Trailer Music - FULL VERSION	neutral
Wayching the OG Ghost In The Shell. This is a wooden ass overdub.	neutral
50:49 and I'm done with this movie #ghostInTheShell	neutral
RT @steveaoki: When I float weightless back to the surface, I'm imagining I'm becoming someone else #ghostintheshell https://t.co/9RnRsM8FWb	neutral
RT @steveaoki: When I float weightless back to the surface, I'm imagining I'm becoming someone else #ghostintheshell https://t.co/9RnRsM8FWb	neutral
been thinking about what someone said to me on sunday. she refuses to see dr strangr or ghost in the shell because of social issues	neutral
RT @steveaoki: When I float weightless back to the surface, I'm imagining I'm becoming someone else #ghostintheshell https://t.co/9RnRsM8FWb	neutral
RT @steveaoki: When I float weightless back to the surface, I'm imagining I'm becoming someone else #ghostintheshell https://t.co/9RnRsM8FWb	neutral
RT @steveaoki: When I float weightless back to the surface, I'm imagining I'm becoming someone else #ghostintheshell https://t.co/9RnRsM8FWb	neutral
RT @steveaoki: When I float weightless back to the surface, I'm imagining I'm becoming someone else #ghostintheshell https://t.co/9RnRsM8FWb	neutral
Why were people so mad about the white washing of Ghost in the Shell but not about Death Note.	negative
RT @freefilmfiles: Ghost in the Shell (1995) Download Full Movie HDDownload Link: https://t.co/TwLeCsQ6VS#GhostInTheShell https://t.co/Zz‚Ä¶	neutral
GHOST IN THE SHELL | remake GHOST IN THE SHELL | remake GHOST IN THE SHELL remake open your terminal and type:... https://t.co/a1h2TrJTTL	neutral
RT @steveaoki: When I float weightless back to the surface, I'm imagining I'm becoming someone else #ghostintheshell https://t.co/9RnRsM8FWb	neutral
RT @steveaoki: When I float weightless back to the surface, I'm imagining I'm becoming someone else #ghostintheshell https://t.co/9RnRsM8FWb	neutral
Ghost in the Shell (1995) Download Full Movie HDDownload Link: https://t.co/TwLeCsQ6VS#GhostInTheShell https://t.co/ZzWogHajzE	neutral
RT @steveaoki: When I float weightless back to the surface, I'm imagining I'm becoming someone else #ghostintheshell https://t.co/9RnRsM8FWb	neutral
HER (2013). Turns out Scarlett Johansson starred in a decent GHOST IN THE SHELL flick after all.  (Only being half glib.)	neutral
RT @steveaoki: When I float weightless back to the surface, I'm imagining I'm becoming someone else #ghostintheshell https://t.co/9RnRsM8FWb	neutral
Ghost in the Shell: cyberpunk + tropa de elite https://t.co/IoENeBVm2g #nerd #old	neutral
RT @steveaoki: When I float weightless back to the surface, I'm imagining I'm becoming someone else #ghostintheshell https://t.co/9RnRsM8FWb	neutral
RT @steveaoki: When I float weightless back to the surface, I'm imagining I'm becoming someone else #ghostintheshell https://t.co/9RnRsM8FWb	neutral
RT @steveaoki: When I float weightless back to the surface, I'm imagining I'm becoming someone else #ghostintheshell https://t.co/9RnRsM8FWb	neutral
RT @steveaoki: When I float weightless back to the surface, I'm imagining I'm becoming someone else #ghostintheshell https://t.co/9RnRsM8FWb	neutral
RT @steveaoki: When I float weightless back to the surface, I'm imagining I'm becoming someone else #ghostintheshell https://t.co/9RnRsM8FWb	neutral
28 minutes into editing our final visual podcast on Ghost in the Shell.	neutral
I liked a @YouTube video https://t.co/dTWtn7N61B GHOST IN THE SHELL 2017 Original Motion Picture Soundtrack - Lights of Soho	positive
RT @steveaoki: When I float weightless back to the surface, I'm imagining I'm becoming someone else #ghostintheshell https://t.co/9RnRsM8FWb	neutral
RT @steveaoki: When I float weightless back to the surface, I'm imagining I'm becoming someone else #ghostintheshell https://t.co/9RnRsM8FWb	neutral
RT @steveaoki: When I float weightless back to the surface, I'm imagining I'm becoming someone else #ghostintheshell https://t.co/9RnRsM8FWb	neutral
RT @steveaoki: When I float weightless back to the surface, I'm imagining I'm becoming someone else #ghostintheshell https://t.co/9RnRsM8FWb	neutral
RT @Agent122Comic: #Agent122 vs the Machines. Get more at: https://t.co/QKGBpkfztF #comic #scifi #sexy #ghostintheshell https://t.co/1s5LYM‚Ä¶	neutral
RT @flixano: Watch Ghost in the Shell (2017) Online on #FlixanoStart Free Trial: https://t.co/Hk5BmRUEwM#GhostInTheShell	neutral
Ghost in the Shell film might be the most disappointing live-action reboot everhttps://t.co/p51UEb4X7H https://t.co/OkvWx9OaLx	neutral
RT @Agent122Comic: #Agent122 vs the Machines. Get more at: https://t.co/QKGBpkfztF #comic #scifi #sexy #ghostintheshell https://t.co/1s5LYM‚Ä¶	neutral
RT @steveaoki: When I float weightless back to the surface, I'm imagining I'm becoming someone else #ghostintheshell https://t.co/9RnRsM8FWb	neutral
RT @steveaoki: When I float weightless back to the surface, I'm imagining I'm becoming someone else #ghostintheshell https://t.co/9RnRsM8FWb	neutral
üì∑ petelloydillustration: The first of two pieces for the new Ghost In The Shell film coming out next... https://t.co/k5JAaUIhC1	neutral
RT @steveaoki: When I float weightless back to the surface, I'm imagining I'm becoming someone else #ghostintheshell https://t.co/9RnRsM8FWb	neutral
RT @steveaoki: When I float weightless back to the surface, I'm imagining I'm becoming someone else #ghostintheshell https://t.co/9RnRsM8FWb	neutral
highly suspect's my name is human music video has a lot of imagery that reminds me of Ghost in the Shellhttps://t.co/l8og8IONNc	neutral
RT @steveaoki: When I float weightless back to the surface, I'm imagining I'm becoming someone else #ghostintheshell https://t.co/9RnRsM8FWb	neutral
Ghost in the shell. Remake. Just use your ssh terminal https://t.co/IxA6TXfXoo	neutral
#Agent122 vs the Machines. Get more at: https://t.co/QKGBpkfztF #comic #scifi #sexy #ghostintheshell https://t.co/1s5LYMf60m	neutral
Watch Ghost in the Shell (2017) Online on #FlixanoStart Free Trial: https://t.co/Hk5BmRUEwM#GhostInTheShell	neutral
